Question_ID,Clinical_Pillar,Clinical_Question,Directional_Hypothesis,Intervention_Exposure,Comparator,Primary_Endpoint,Expected_Verdict,Landmark_Trial_Grounding,Methodological_Rationale
PHARM-001,Pharmacotherapy,Is metformin more effective than lifestyle changes for prediabetes?,Metformin is more effective than lifestyle changes for prediabetes.,Metformin,Lifestyle Intervention,Diabetes incidence,REFUTED,DPP 2002 (PMID 11832527),Direct head-to-head trial; lifestyle achieved 58% risk reduction vs 31% for metformin.
PHARM-002,Pharmacotherapy,Is tirzepatide more effective than semaglutide in reducing HbA1c in type 2 diabetes?,Tirzepatide is more effective than semaglutide in reducing HbA1c in type 2 diabetes.,Tirzepatide,Semaglutide,HbA1c reduction,SUPPORTED,SURPASS-2 (PMID 34449189),SURPASS-2 head-to-head RCT proved superior HbA1c lowering with tirzepatide across all doses.
PHARM-003,Pharmacotherapy,Do GLP-1 receptor agonists reduce HbA1c in patients with type 2 diabetes?,GLP-1 receptor agonists reduce HbA1c in patients with type 2 diabetes.,GLP-1 receptor agonists,Placebo / Standard Care,HbA1c,SUPPORTED,LEADER / SUSTAIN trials,Unanimous RCT evidence confirming potent glycemic efficacy of GLP-1 RAs.
PHARM-004,Pharmacotherapy,Do SGLT2 inhibitors lower blood pressure in type 2 diabetes?,SGLT2 inhibitors lower blood pressure in type 2 diabetes.,SGLT2 inhibitors,Placebo,Systolic/Diastolic BP,SUPPORTED,EMPA-REG / DECLARE meta-analyses,Osmotic diuresis and natriuresis reliably lower systolic BP by 3-5 mmHg.
PHARM-005,Pharmacotherapy,Does metformin reduce cardiovascular mortality in type 2 diabetes?,Metformin reduces cardiovascular mortality in type 2 diabetes.,Metformin,Standard care,Cardiovascular mortality,INCONCLUSIVE,UKPDS 34 vs contemporary RCTs,"UKPDS 34 showed benefit in obese subgroup, but contemporary trials show neutral CVD mortality."
PHARM-006,Pharmacotherapy,Do SGLT2 inhibitors reduce the risk of diabetic ketoacidosis?,SGLT2 inhibitors reduce the risk of diabetic ketoacidosis.,SGLT2 inhibitors,Placebo,DKA incidence,REFUTED,FDA drug safety meta-analyses,SGLT2 inhibitors paradoxically increase the risk of euglycemic DKA.
PHARM-007,Pharmacotherapy,Do DPP-4 inhibitors cause significant weight loss in type 2 diabetes?,DPP-4 inhibitors cause significant weight loss in type 2 diabetes.,DPP-4 inhibitors,Placebo,Weight loss,REFUTED,SAVOR-TIMI / TECOS trials,DPP-4 inhibitors are clinically weight-neutral; they do not induce weight loss.
PHARM-008,Pharmacotherapy,Do GLP-1 receptor agonists promote weight loss in overweight patients with T2D?,GLP-1 receptor agonists promote weight loss in overweight patients with T2D.,GLP-1 receptor agonists,Placebo,Body weight,SUPPORTED,STEP / SUSTAIN programs,Appetite suppression and delayed gastric emptying produce 5-15% body weight reduction.
PHARM-009,Pharmacotherapy,Does insulin therapy increase the risk of hypoglycemia in type 2 diabetes?,Insulin therapy increases the risk of hypoglycemia in type 2 diabetes.,Exogenous Insulin,Oral agents,Hypoglycemia,SUPPORTED,UKPDS / ADVANCE trials,Exogenous insulin has the highest intrinsic pharmacological risk for hypoglycemia.
PHARM-010,Pharmacotherapy,Do sulfonylureas increase the risk of hypoglycemia compared to metformin?,Sulfonylureas increase the risk of hypoglycemia compared to metformin.,Sulfonylureas,Metformin,Hypoglycemia incidence,SUPPORTED,GRADE study (PMID 36134832),"Sulfonylureas stimulate glucose-independent insulin release, multiplying hypoglycemia rates."
PHARM-011,Pharmacotherapy,Is semaglutide superior to sitagliptin for glycemic control in T2D?,Semaglutide is superior to sitagliptin for glycemic control in T2D.,Semaglutide,Sitagliptin,HbA1c lowering,SUPPORTED,SUSTAIN-2 trial,Head-to-head trial demonstrated significant superiority of semaglutide over DPP-4i sitagliptin.
PHARM-012,Pharmacotherapy,Do SGLT2 inhibitors increase the risk of genital mycotic infections?,SGLT2 inhibitors increase the risk of genital mycotic infections.,SGLT2 inhibitors,Placebo,Genital fungal infections,SUPPORTED,DAPA-HF / EMPA-REG safety data,"Glucosuria creates a local fungal growth medium, causing a 3- to 5-fold increase in mycotic infections."
PHARM-013,Pharmacotherapy,Does early combination therapy improve glycemic durability compared to metformin monotherapy?,Early combination therapy improves glycemic durability compared to metformin monotherapy.,Metformin + Vildagliptin,Metformin monotherapy,Treatment failure / durability,SUPPORTED,VERIFY trial (PMID 31542299),Early combination strategy significantly delayed time to primary treatment failure.
PHARM-014,Pharmacotherapy,Do thiazolidinediones increase the risk of peripheral edema and heart failure?,Thiazolidinediones increase the risk of peripheral edema and heart failure.,Pioglitazone / Rosiglitazone,Placebo,Heart failure / fluid retention,SUPPORTED,RECORD / PROactive trials,"PPAR-gamma activation induces renal sodium reabsorption, worsening fluid retention and HF risk."
PHARM-015,Pharmacotherapy,Does metformin therapy cause clinically significant vitamin B12 deficiency?,Metformin therapy causes clinically significant vitamin B12 deficiency.,Metformin,Placebo,Serum B12 levels,SUPPORTED,DPPOS 13-year B12 analysis,Metformin interferes with calcium-dependent ileal absorption of intrinsic factor-B12 complex.
PHARM-016,Pharmacotherapy,Are GLP-1 receptor agonists effective in lowering fasting plasma glucose?,GLP-1 receptor agonists are effective in lowering fasting plasma glucose.,GLP-1 receptor agonists,Placebo,FPG reduction,SUPPORTED,SUSTAIN / PIONEER trials,Hepatic gluconeogenesis suppression via glucagon inhibition lowers fasting glucose.
PHARM-017,Pharmacotherapy,Does empagliflozin reduce serum uric acid levels in type 2 diabetes?,Empagliflozin reduces serum uric acid levels in type 2 diabetes.,Empagliflozin,Placebo,Serum uric acid,SUPPORTED,EMPA-REG OUTCOME secondary analyses,Glucosuria enhances renal urate excretion via GLUT9 competition.
PHARM-018,Pharmacotherapy,Do DPP-4 inhibitors increase the risk of severe acute pancreatitis?,DPP-4 inhibitors increase the risk of severe acute pancreatitis.,DPP-4 inhibitors,Placebo,Acute pancreatitis,INCONCLUSIVE,TECOS / EXAMINE CVOTs,Initial signal from adverse event databases was not confirmed in large randomized CVOTs.
PHARM-019,Pharmacotherapy,Is dulaglutide effective in reducing HbA1c in type 2 diabetes?,Dulaglutide is effective in reducing HbA1c in type 2 diabetes.,Dulaglutide,Placebo,HbA1c,SUPPORTED,AWARD trial program,Once-weekly dulaglutide consistently reduced HbA1c by 1.2% to 1.6% across AWARD trials.
PHARM-020,Pharmacotherapy,Does adding basal insulin to oral agents improve glycemic control in T2D?,Adding basal insulin to oral agents improves glycemic control in T2D.,Basal insulin glargine/degludec,Oral agents alone,HbA1c,SUPPORTED,Treat-to-Target trials,Basal insulin effectively suppresses nocturnal hepatic glucose production to achieve target HbA1c.
EXER-001,Exercise,Does structured exercise reduce HbA1c in type 2 diabetes?,Structured exercise reduces HbA1c in type 2 diabetes.,Structured Exercise,Sedentary control,HbA1c reduction,SUPPORTED,Umpierre Meta-Analysis (PMID 21540559),Meta-analysis of 47 RCTs proved structured exercise lowers HbA1c by ~0.67% independent of diet.
EXER-002,Exercise,Is combined aerobic and resistance exercise more effective than aerobic exercise alone in T2D?,Combined aerobic and resistance exercise is more effective than aerobic exercise alone in T2D.,Combined Training,Aerobic alone,HbA1c,SUPPORTED,DARE Trial (PMID 17876020) & HART-D,Both DARE and HART-D confirmed combined training produces superior glycemic improvements than either alone.
EXER-003,Exercise,Does resistance training improve insulin sensitivity in type 2 diabetes?,Resistance training improves insulin sensitivity in type 2 diabetes.,Resistance Training,Non-exercising control,Insulin sensitivity,SUPPORTED,HART-D secondary analysis,Hypertrophy of skeletal muscle expands the major glucose disposal sink in the body.
EXER-004,Exercise,Does high-intensity interval training improve glycemic control in type 2 diabetes?,High-intensity interval training improves glycemic control in type 2 diabetes.,HIIT,Moderate-intensity continuous exercise,HbA1c & FPG,SUPPORTED,Jelleyman Meta-Analysis,HIIT produces equivalent or greater HbA1c reductions with significantly lower time commitment.
EXER-005,Exercise,Does breaking up prolonged sitting with brief walking improve postprandial glucose?,Breaking up prolonged sitting with brief walking improves postprandial glucose.,Sitting interruptions (2-min walks),Uninterrupted sitting,Postprandial glucose AUC,SUPPORTED,Dunstan et al. (PMID 22374985),Light walking interruptions every 20 minutes significantly attenuate postprandial glucose and insulin spikes.
EXER-006,Exercise,Does aerobic exercise increase resting blood pressure in diabetic patients?,Aerobic exercise increases resting blood pressure in diabetic patients.,Aerobic Exercise,Control,Resting blood pressure,REFUTED,Cochrane Review on Exercise & T2D,Chronic aerobic training lowers resting systolic and diastolic blood pressure.
EXER-007,Exercise,Does post-meal walking reduce postprandial hyperglycemia more than pre-meal walking?,Post-meal walking reduces postprandial hyperglycemia more than pre-meal walking.,Postprandial walking,Pre-prandial walking,Postprandial glucose excursion,SUPPORTED,Reynolds et al. Diabetologia (PMID 27747394),Timing exercise immediately after meals clears peak postprandial glucose via insulin-independent GLUT4.
EXER-008,Exercise,Does exercise training improve lipid profiles in patients with type 2 diabetes?,Exercise training improves lipid profiles in patients with type 2 diabetes.,Exercise Training,Sedentary control,Triglycerides & HDL,SUPPORTED,Look AHEAD baseline & exercise trials,Reduces fasting triglycerides and modestly raises HDL-C.
EXER-009,Exercise,Does physical activity reduce visceral adipose tissue in type 2 diabetes?,Physical activity reduces visceral adipose tissue in type 2 diabetes.,Physical activity,Usual care,Visceral fat volume,SUPPORTED,MRI exercise intervention studies,Preferential mobilization of intra-abdominal visceral adipose stores via catecholamine sensitivity.
EXER-010,Exercise,Does resistance exercise training cause loss of skeletal muscle mass in elderly diabetics?,Resistance exercise training causes loss of skeletal muscle mass in elderly diabetics.,Resistance exercise,Control,Lean muscle mass,REFUTED,Sarcopenia in T2D trials,"Resistance training preserves or increases lean mass, counteracting diabetic sarcopenia."
EXER-011,Exercise,Does exercise training reduce hepatic fat content in type 2 diabetes?,Exercise training reduces hepatic fat content in type 2 diabetes.,Aerobic / Resistance training,Control,Intrahepatic lipid by 1H-MRS,SUPPORTED,Hallsworth et al. (PMID 21829584),Exercise significantly reduces intrahepatic lipid independently of substantial body weight loss.
EXER-012,Exercise,Does exercise alone without dietary caloric restriction produce major weight loss?,Exercise alone without dietary caloric restriction produces major weight loss.,Exercise alone,Sedentary,Body weight loss >10%,REFUTED,Look AHEAD / Donnelly reviews,Exercise alone produces modest weight loss (1-3 kg); substantial loss requires caloric restriction.
EXER-013,Exercise,Does yoga practice improve fasting blood glucose in type 2 diabetes?,Yoga practice improves fasting blood glucose in type 2 diabetes.,Yoga interventions,Standard care,FPG & HbA1c,SUPPORTED,Innes et al. systematic review,"Reduces sympathetic tone and stress cortisol, improving glycemic parameters."
EXER-014,Exercise,Does physical inactivity increase the incidence of type 2 diabetes?,Physical inactivity increases the incidence of type 2 diabetes.,Sedentary behavior,Active lifestyle,Incident T2D,SUPPORTED,Nurses Health Study / prospective cohorts,Sedentary time linearly correlates with increased risk of incident diabetes.
EXER-015,Exercise,Does aerobic exercise training improve endothelial function in diabetic patients?,Aerobic exercise training improves endothelial function in diabetic patients.,Aerobic exercise,Control,Flow-mediated dilation (FMD),SUPPORTED,Vascular health in T2D trials,"Upregulates endothelial nitric oxide synthase (eNOS), improving vascular reactivity."
DIET-001,Diet & Nutrition,Does coffee consumption reduce the risk of developing type 2 diabetes?,Coffee consumption reduces the risk of developing type 2 diabetes.,Coffee consumption (3-4 cups/day),Non-drinkers,Incident T2D risk,SUPPORTED,Ding 2014 (PMID 24414842) & Carlstrom 2018,"Dose-response meta-analyses show 25-30% lower T2D risk, mediated by chlorogenic acid and trigonelline."
DIET-002,Diet & Nutrition,Does drinking caffeinated beverages increase the risk of diabetes?,Drinking caffeinated beverages increases the risk of diabetes.,Caffeinated beverages,Non-drinkers,Incident T2D,REFUTED,Jiang 2014 meta-analysis,Prospective cohort studies show neutral or inverse risk; caffeine does not increase long-term diabetes incidence.
DIET-003,Diet & Nutrition,Do sugar-sweetened beverages increase the risk of type 2 diabetes?,Sugar-sweetened beverages increase the risk of type 2 diabetes.,Sugar-sweetened beverages,Water / unsweetened,Incident T2D,SUPPORTED,Malik 2010 (PMID 20693348),"Consuming 1-2 servings/day increases T2D risk by 26%, driven by rapid fructose-induced hepatic lipogenesis."
DIET-004,Diet & Nutrition,Does the Mediterranean diet reduce the risk of cardiovascular events in T2D?,The Mediterranean diet reduces the risk of cardiovascular events in T2D.,Mediterranean diet + EVOO/nuts,Low-fat diet,Major cardiovascular events,SUPPORTED,PREDIMED Trial (PMID 29897866),PREDIMED demonstrated a 30% relative reduction in major cardiovascular events among high-risk diabetics.
DIET-005,Diet & Nutrition,Does a ketogenic diet provide better glycemic control than a Mediterranean diet in T2D?,A ketogenic diet provides better glycemic control than a Mediterranean diet in T2D.,Ketogenic diet,Mediterranean diet,Long-term HbA1c,INCONCLUSIVE,Keto-Med Trial (Gardner 2022),Both diets lowered HbA1c equally; ketogenic diet raised LDL-C and had lower long-term adherence.
DIET-006,Diet & Nutrition,Does dietary fiber intake improve glycemic control in type 2 diabetes?,Dietary fiber intake improves glycemic control in type 2 diabetes.,High dietary fiber (>35g/day),Low fiber diet,HbA1c & fasting glucose,SUPPORTED,Reynolds et al. Lancet (PMID 30638909),"Soluble fiber slows gastric emptying and intestinal carbohydrate absorption, lowering postprandial glucose."
DIET-007,Diet & Nutrition,Does artificial sweetener consumption cause significant reductions in T2D risk?,Artificial sweetener consumption causes significant reductions in T2D risk.,Non-nutritive sweeteners,Sugar / Water,Incident T2D,INCONCLUSIVE,WHO Guideline on Non-Sugar Sweeteners (2023),Observational studies show confounding by reverse causation; RCTs show neutral glycemic impact.
DIET-008,Diet & Nutrition,Does green tea consumption improve insulin resistance in type 2 diabetes?,Green tea consumption improves insulin resistance in type 2 diabetes.,Green tea / EGCG,Placebo,HOMA-IR & fasting glucose,INCONCLUSIVE,Asbaghi et al. meta-analysis,"Mild reductions in fasting glucose observed in some trials, but overall impact on HOMA-IR is heterogeneous."
DIET-009,Diet & Nutrition,Does daily nut consumption improve glycemic control in type 2 diabetes?,Daily nut consumption improves glycemic control in type 2 diabetes.,Tree nuts / peanuts (50g/day),Iso-caloric carbohydrate snack,HbA1c & lipids,SUPPORTED,Jenkins et al. Diabetes Care,Replacing refined carbohydrate snacks with tree nuts significantly improves HbA1c and lipid profiles.
DIET-010,Diet & Nutrition,Does intermittent fasting provide superior glycemic control compared to continuous caloric restriction in T2D?,Intermittent fasting provides superior glycemic control compared to continuous caloric restriction in T2D.,Intermittent Fasting (5:2 or 16:8),Continuous caloric restriction,HbA1c reduction,INCONCLUSIVE,Carter et al. JAMA Netw Open (PMID 29986348),Both approaches achieve equivalent HbA1c reduction; intermittent fasting is not clinically superior.
DIET-011,Diet & Nutrition,Does high sodium intake increase the risk of hypertension in diabetic patients?,High sodium intake increases the risk of hypertension in diabetic patients.,High dietary sodium,Low sodium diet,Blood pressure in T2D,SUPPORTED,DASH-Sodium in diabetes cohorts,"Diabetic patients exhibit salt sensitivity, with high sodium intake exacerbating arterial stiffness and BP."
DIET-012,Diet & Nutrition,Does cinnamon supplementation produce clinically meaningful reductions in HbA1c in T2D?,Cinnamon supplementation produces clinically meaningful reductions in HbA1c in T2D.,Cinnamon extract,Placebo,HbA1c >0.5% reduction,INCONCLUSIVE,Cochrane Review on Cinnamon in T2D,High heterogeneity across trials; does not reliably produce clinically meaningful HbA1c reductions.
DIET-013,Diet & Nutrition,Does vitamin D supplementation prevent progression from prediabetes to diabetes?,Vitamin D supplementation prevents progression from prediabetes to diabetes.,Vitamin D3 (4000 IU/day),Placebo,Incident T2D in prediabetes,INCONCLUSIVE,D2d Trial (Pittas et al. NEJM PMID 31173679),The primary endpoint showed a non-significant hazard ratio of 0.88; post-hoc benefit only in deficient patients.
DIET-014,Diet & Nutrition,Does magnesium supplementation improve insulin sensitivity in diabetic patients?,Magnesium supplementation improves insulin sensitivity in diabetic patients.,Oral magnesium,Placebo,Insulin sensitivity / fasting glucose,SUPPORTED,Veronese et al. meta-analysis,Magnesium acts as an essential cofactor for tyrosine kinase in insulin receptor phosphorylation.
DIET-015,Diet & Nutrition,Does consumption of red and processed meats increase the risk of type 2 diabetes?,Consumption of red and processed meats increases the risk of type 2 diabetes.,Processed / Red meat intake,Plant protein / poultry,Incident T2D,SUPPORTED,Pan et al. Am J Clin Nutr / Harvard cohorts,"Heme iron, advanced glycation end products, and nitrosamines contribute to insulin resistance and beta-cell toxicity."
COMP-001,Complications & Organ Protection,Do SGLT2 inhibitors reduce heart failure hospitalizations in type 2 diabetes?,SGLT2 inhibitors reduce heart failure hospitalizations in type 2 diabetes.,SGLT2 inhibitors,Placebo,HHF (Hospitalization for Heart Failure),SUPPORTED,EMPA-REG OUTCOME / DAPA-HF,Class-effect 30-35% relative risk reduction in heart failure hospitalizations across all eGFR strata.
COMP-002,Complications & Organ Protection,Do GLP-1 receptor agonists reduce major adverse cardiovascular events in T2D?,GLP-1 receptor agonists reduce major adverse cardiovascular events in T2D.,GLP-1 receptor agonists,Placebo,3-point MACE,SUPPORTED,LEADER / SUSTAIN-6 / REWIND,"Class-wide meta-analysis demonstrates 12-14% reduction in non-fatal MI, non-fatal stroke, and CV death."
COMP-003,Complications & Organ Protection,Do SGLT2 inhibitors slow the progression of chronic kidney disease in diabetic patients?,SGLT2 inhibitors slow the progression of chronic kidney disease in diabetic patients.,SGLT2 inhibitors,Placebo,"Doubling of creatinine, ESRD, renal death",SUPPORTED,CREDENCE (PMID 31475794) & DAPA-CKD,Restoration of tubuloglomerular feedback reduces intraglomerular pressure and stabilizes eGFR slope.
COMP-004,Complications & Organ Protection,Does intensive glycemic control reduce all-cause mortality compared to standard care in T2D?,Intensive glycemic control reduces all-cause mortality compared to standard care in T2D.,Intensive HbA1c target (<6.0%),Standard target (7.0-7.9%),All-cause mortality,REFUTED,ACCORD Trial (NEJM PMID 18539917),The ACCORD trial was halted early due to a 22% increase in all-cause mortality in the intensive arm.
COMP-005,Complications & Organ Protection,Do SGLT2 inhibitors reduce all-cause mortality in patients with heart failure and T2D?,SGLT2 inhibitors reduce all-cause mortality in patients with heart failure and T2D.,Empagliflozin / Dapagliflozin,Placebo,All-cause mortality,SUPPORTED,DAPA-HF (PMID 31535829),Demonstrated a statistically significant 17% reduction in all-cause death in heart failure patients.
COMP-006,Complications & Organ Protection,Does statin therapy reduce cardiovascular events in patients with type 2 diabetes?,Statin therapy reduces cardiovascular events in patients with type 2 diabetes.,HMG-CoA reductase inhibitors (Statins),Placebo,MACE / CV mortality,SUPPORTED,CARDS Trial (Colhoun et al. Lancet),Primary prevention trial in T2D showed 37% reduction in major cardiovascular events.
COMP-007,Complications & Organ Protection,Do ACE inhibitors reduce the progression of diabetic nephropathy in microalbuminuric T2D?,ACE inhibitors reduce the progression of diabetic nephropathy in microalbuminuric T2D.,"ACE inhibitors (e.g., Ramipril)",Placebo / non-RAAS antihypertensive,Progression to macroalbuminuria / ESRD,SUPPORTED,MICRO-HOPE / UKPDS 39,Efferent arteriolar vasodilation reduces glomerular capillary hypertension and proteinuria.
COMP-008,Complications & Organ Protection,Do DPP-4 inhibitors reduce heart failure hospitalizations in type 2 diabetes?,DPP-4 inhibitors reduce heart failure hospitalizations in type 2 diabetes.,DPP-4 inhibitors (Saxagliptin / Alogliptin),Placebo,Hospitalization for heart failure,REFUTED,SAVOR-TIMI 53 (PMID 23992601),SAVOR-TIMI 53 showed an unexpected 27% increase in heart failure hospitalizations with saxagliptin.
COMP-009,Complications & Organ Protection,Does intensive glycemic control reduce microvascular complications in T2D?,Intensive glycemic control reduces microvascular complications in T2D.,Intensive glycemic control,Standard care,Retinopathy & nephropathy progression,SUPPORTED,UKPDS 33 / ADVANCE,Lowering HbA1c consistently and substantially reduces the incidence of microvascular complications.
COMP-010,Complications & Organ Protection,Do GLP-1 receptor agonists reduce non-fatal stroke in patients with type 2 diabetes?,GLP-1 receptor agonists reduce non-fatal stroke in patients with type 2 diabetes.,GLP-1 receptor agonists (Semaglutide / Dulaglutide),Placebo,Non-fatal ischemic stroke,SUPPORTED,REWIND / SUSTAIN-6,Meta-analyses confirm a 15-20% reduction in ischemic stroke events with GLP-1 receptor agonists.
COMP-011,Complications & Organ Protection,Does aspirin therapy for primary prevention reduce cardiovascular death without increasing major bleeding in T2D?,Aspirin therapy for primary prevention reduces cardiovascular death without increasing major bleeding in T2D.,Low-dose Aspirin (100mg),Placebo,CV death vs major hemorrhage,INCONCLUSIVE,ASCEND Trial (NEJM PMID 30146931),"Aspirin reduced serious vascular events by 12%, but this was virtually matched by a 29% increase in major bleeding."
COMP-012,Complications & Organ Protection,Does finerenone reduce cardiovascular and renal events in patients with CKD and T2D?,Finerenone reduces cardiovascular and renal events in patients with CKD and T2D.,Finerenone (Nonsteroidal MRA),Placebo,Cardiovascular composite & renal progression,SUPPORTED,FIDELIO-DKD & FIGARO-DKD,Nonsteroidal mineralocorticoid antagonism significantly attenuated renal decline and cardiovascular risk.
COMP-013,Complications & Organ Protection,Do SGLT2 inhibitors increase the risk of lower limb amputation in type 2 diabetes?,SGLT2 inhibitors increase the risk of lower limb amputation in type 2 diabetes.,SGLT2 inhibitors (Class-wide),Placebo / Active comparator,Lower extremity amputation,INCONCLUSIVE,CANVAS vs EMPA-REG / DECLARE,"CANVAS showed a 2-fold increase with canagliflozin, but EMPA-REG, DECLARE, and real-world studies found no class-wide association."
COMP-014,Complications & Organ Protection,Does intensive blood pressure lowering reduce stroke in diabetic patients?,Intensive blood pressure lowering reduces stroke in diabetic patients.,Intensive SBP target (<120-130 mmHg),Standard SBP target (<140 mmHg),Stroke incidence,SUPPORTED,ACCORD-BP / SPRINT diabetes subgroup,Stroke incidence was significantly reduced by 41% with intensive blood pressure lowering in ACCORD-BP.
COMP-015,Complications & Organ Protection,Do GLP-1 receptor agonists reduce progression of diabetic kidney disease?,GLP-1 receptor agonists reduce progression of diabetic kidney disease.,GLP-1 RAs (Semaglutide / Liraglutide),Placebo,Macroalbuminuria & renal decline,SUPPORTED,FLOW Trial (NEJM 2024),FLOW proved semaglutide reduced major kidney disease events and cardiovascular death by 24%.
PREV-001,Prevention & Remission,Can intensive lifestyle intervention induce diabetes remission in early T2D?,Intensive lifestyle intervention can induce diabetes remission in early T2D.,Primary care low-calorie formula diet + maintenance,Standard guideline care,T2D Remission (HbA1c <6.5% without drugs),SUPPORTED,DiRECT Trial (Lean et al. Lancet PMID 29221645),"46% of participants achieved complete diabetes remission at 1 year, and 36% sustained at 2 years."
PREV-002,Prevention & Remission,Does the Finnish Diabetes Prevention Study prove that lifestyle modification prevents T2D?,The Finnish Diabetes Prevention Study proves that lifestyle modification prevents T2D.,Individualized diet and exercise coaching,General health advice,Cumulative diabetes incidence,SUPPORTED,Finnish DPS (Tuomilehto et al. NEJM PMID 11337921),"58% reduction in diabetes incidence over 3.2 years, sustained across 13-year post-intervention follow-up."
PREV-003,Prevention & Remission,Does bariatric surgery provide higher rates of diabetes remission than medical therapy?,Bariatric surgery provides higher rates of diabetes remission than medical therapy.,Bariatric / Metabolic Surgery (Roux-en-Y / Sleeve),Intensive Medical Therapy,Complete diabetes remission,SUPPORTED,STAMPEDE Trial (Schauer et al. NEJM),Bariatric surgery achieved significantly higher 5-year remission rates (29% vs 5%) and glycemic durability.
PREV-004,Prevention & Remission,Does metformin treatment maintain its preventive effect against diabetes over 15 years?,Metformin treatment maintains its preventive effect against diabetes over 15 years.,Metformin therapy,Placebo / Standard care,Long-term diabetes incidence,SUPPORTED,DPPOS 15-year follow-up (Lancet Diabetes 2015),Metformin maintained an 18% cumulative reduction in diabetes incidence after 15 years of continuous follow-up.
PREV-005,Prevention & Remission,Does intensive weight loss in prediabetes achieve persistent microvascular risk reduction?,Intensive weight loss in prediabetes achieves persistent microvascular risk reduction.,Intensive lifestyle intervention,Control,Diabetic retinopathy & nephropathy,SUPPORTED,DPPOS microvascular outcomes (Lancet 2015),Participants who did not progress to diabetes had a 28% lower prevalence of microvascular complications.
PREV-006,Prevention & Remission,Can a low-calorie total diet replacement produce rapid reduction in hepatic steatosis?,A low-calorie total diet replacement can produce rapid reduction in hepatic steatosis.,Very low calorie diet (800 kcal/day),Baseline standard diet,Intrahepatic fat content,SUPPORTED,Counterpoint Study (Taylor et al. Diabetologia),Normalizes hepatic insulin sensitivity within 7 days by clearing excess intrahepatic lipid.
PREV-007,Prevention & Remission,Is acarbose effective in preventing type 2 diabetes in patients with impaired glucose tolerance?,Acarbose is effective in preventing type 2 diabetes in patients with impaired glucose tolerance.,Acarbose (Alpha-glucosidase inhibitor),Placebo,Progression to T2D,SUPPORTED,STOP-NIDDM Trial (Lancet 2002),Acarbose achieved a 25% relative risk reduction in the development of type 2 diabetes in prediabetic individuals.
PREV-008,Prevention & Remission,Does pioglitazone prevent type 2 diabetes in patients with impaired glucose tolerance?,Pioglitazone prevents type 2 diabetes in patients with impaired glucose tolerance.,Pioglitazone (45 mg/day),Placebo,Progression to diabetes,SUPPORTED,ACT NOW Trial (DeFronzo et al. NEJM),Pioglitazone reduced the conversion of impaired glucose tolerance to type 2 diabetes by 72%.
PREV-009,Prevention & Remission,Does chromium supplementation prevent type 2 diabetes in prediabetes?,Chromium supplementation prevents type 2 diabetes in prediabetes.,Chromium picolinate,Placebo,Progression to T2D,INCONCLUSIVE,Systematic review of micronutrients in prediabetes,No consistent evidence from high-quality RCTs that chromium prevents clinical diabetes.
PREV-010,Prevention & Remission,Does surgical weight loss reduce cancer incidence in obese diabetic patients?,Surgical weight loss reduces cancer incidence in obese diabetic patients.,Bariatric Surgery,Usual obesity care,Obesity-related cancer incidence,SUPPORTED,Swedish Obese Subjects (SOS) Study,Long-term follow-up showed significant reductions in female obesity-related cancers after bariatric surgery.
PHARM-021,Pharmacotherapy,Do SGLT2 inhibitors reduce body weight in patients with type 2 diabetes?,SGLT2 inhibitors reduce body weight in patients with type 2 diabetes.,SGLT2 inhibitors,Placebo,Body weight,SUPPORTED,EMPA-REG / DECLARE meta-analyses,Caloric loss via urinary glucose excretion (60-80g/day) produces sustained 2-3 kg weight loss.
PHARM-022,Pharmacotherapy,Does pioglitazone cause weight gain in patients with type 2 diabetes?,Pioglitazone causes weight gain in patients with type 2 diabetes.,Pioglitazone,Placebo,Body weight,SUPPORTED,PROactive Trial (PMID 16214598),"PPAR-gamma agonists stimulate adipogenesis and fluid retention, producing dose-dependent weight gain."
PHARM-023,Pharmacotherapy,Do GLP-1 receptor agonists increase the risk of severe hypoglycemia when used as monotherapy?,GLP-1 receptor agonists increase the risk of severe hypoglycemia when used as monotherapy.,GLP-1 receptor agonists,Placebo,Severe hypoglycemia,REFUTED,LEADER / SUSTAIN safety analyses,"GLP-1 stimulatory action on insulin is strictly glucose-dependent, making monotherapy hypoglycemia risk negligible."
PHARM-024,Pharmacotherapy,Does canagliflozin lower HbA1c in patients with type 2 diabetes?,Canagliflozin lowers HbA1c in patients with type 2 diabetes.,Canagliflozin (100-300 mg),Placebo,HbA1c,SUPPORTED,CANVAS program,Consistently lowers HbA1c by 0.7-1.0% by inhibiting renal glucose reabsorption in the proximal tubule.
PHARM-025,Pharmacotherapy,Does liraglutide reduce HbA1c and weight in type 2 diabetes?,Liraglutide reduces HbA1c and weight in type 2 diabetes.,Liraglutide (1.8 mg/day),Placebo,HbA1c and body weight,SUPPORTED,LEADER Trial (PMID 27295427),"Proved statistically significant, sustained reductions in both glycemic exposure and body weight."
PHARM-026,Pharmacotherapy,Do sulfonylureas accelerate pancreatic beta-cell exhaustion over time?,Sulfonylureas accelerate pancreatic beta-cell exhaustion over time.,Sulfonylureas,Metformin / Lifestyle,Secondary treatment failure rate,SUPPORTED,ADOPT Trial (Kahn et al. NEJM PMID 17148785),Sulfonylurea monotherapy showed the steepest annual rise in HbA1c after initial response compared to rosiglitazone or metformin.
EXER-016,Exercise,Does regular exercise improve arterial stiffness in patients with type 2 diabetes?,Regular exercise improves arterial stiffness in patients with type 2 diabetes.,Exercise training,Sedentary control,Pulse wave velocity (PWV),SUPPORTED,Vascular biology in diabetes RCTs,Exercise reduces central arterial stiffness by restoring vascular elastin/collagen ratio and reducing AGEs.
EXER-017,Exercise,Does acute exercise cause muscle contraction-mediated glucose uptake without insulin?,Acute exercise causes muscle contraction-mediated glucose uptake without insulin.,Muscle contraction / Acute exercise,Resting state,Insulin-independent glucose clearance,SUPPORTED,Richter & Hargreaves Physiol Rev,AMPK and calcium signaling trigger GLUT4 translocation directly to the sarcolemma independent of insulin signaling.
EXER-018,Exercise,Does morning exercise provide better glycemic control than evening exercise in T2D?,Morning exercise provides better glycemic control than evening exercise in T2D.,Morning exercise,Afternoon/evening exercise,Mean 24-hour glucose,INCONCLUSIVE,Circadian metabolic trials,"Evening exercise often shows slightly greater improvements in peripheral insulin sensitivity, but trials show mixed diurnal results."
EXER-019,Exercise,Does chronic exercise training reduce resting systemic inflammation in diabetes?,Chronic exercise training reduces resting systemic inflammation in diabetes.,Exercise training,Control,High-sensitivity CRP,SUPPORTED,Look AHEAD biomarkers analysis,"Reductions in visceral fat and muscle-derived anti-inflammatory myokines (IL-6, IL-10) reduce hs-CRP."
EXER-020,Exercise,Does aquatic exercise improve functional capacity and HbA1c in overweight diabetics?,Aquatic exercise improves functional capacity and HbA1c in overweight diabetics.,Aquatic exercise / Water aerobics,Usual care,6-minute walk test and HbA1c,SUPPORTED,Rees et al. systematic review,Buoyancy relieves joint stress while water resistance provides effective low-impact aerobic and resistance stimulus.
EXER-021,Exercise,Does strength training without aerobic exercise reduce HbA1c in type 2 diabetes?,Strength training without aerobic exercise reduces HbA1c in type 2 diabetes.,Resistance training alone,Sedentary control,HbA1c,SUPPORTED,Castaneda et al. Diabetes Care,Progressive resistance training alone significantly reduces HbA1c by ~0.5-0.7% via muscle mass expansion.
DIET-016,Diet & Nutrition,Does a low-glycemic index diet improve glycemic control in type 2 diabetes?,A low-glycemic index diet improves glycemic control in type 2 diabetes.,Low-glycemic index / load diet,High-glycemic index diet,HbA1c & postprandial glucose,SUPPORTED,Thomas et al. Cochrane Systematic Review,"Slow digestion of low-GI carbohydrates prevents acute postprandial glucose surges, lowering HbA1c by ~0.5%."
DIET-017,Diet & Nutrition,Does apple cider vinegar consumption significantly reduce fasting blood glucose in diabetes?,Apple cider vinegar consumption significantly reduces fasting blood glucose in diabetes.,Vinegar / Acetic acid ingestion,Placebo / Water,Fasting plasma glucose,INCONCLUSIVE,Hadi et al. Clin Nutr ESPEN meta-analysis,"Modest temporary reduction in postprandial spikes due to delayed gastric emptying, but long-term fasting glucose impact is weak."
DIET-018,Diet & Nutrition,Does high-protein diet accelerate renal function decline in diabetics with normal baseline eGFR?,High-protein diet accelerates renal function decline in diabetics with normal baseline eGFR.,High protein diet (>1.6 g/kg/day),Standard protein intake (0.8 g/kg/day),eGFR decline rate,INCONCLUSIVE,Juraschek et al. / ADA dietary position statement,"Accelerates hyperfiltration in established microalbuminuria, but does not induce renal disease in normal baseline kidney function."
DIET-019,Diet & Nutrition,Does eating whole fruits increase the risk of developing type 2 diabetes?,Eating whole fruits increases the risk of developing type 2 diabetes.,"Whole fruit consumption (apples, berries, citrus)",Low fruit intake,Incident T2D,REFUTED,Muraki et al. BMJ (PMID 23990623),"Whole fruit consumption is inversely associated with diabetes risk, whereas fruit juice consumption increases risk."
DIET-020,Diet & Nutrition,Does daily consumption of green leafy vegetables reduce the risk of type 2 diabetes?,Daily consumption of green leafy vegetables reduces the risk of type 2 diabetes.,"Green leafy vegetables (spinach, kale)",Low vegetable intake,Incident T2D risk,SUPPORTED,Carter et al. BMJ (PMID 20724400),Higher intake of green leafy vegetables was associated with a 14% reduction in risk of type 2 diabetes.
DIET-021,Diet & Nutrition,Does high ultra-processed food consumption increase the risk of type 2 diabetes?,High ultra-processed food consumption increases the risk of type 2 diabetes.,Ultra-processed food intake (NOVA 4),Unprocessed/minimally processed foods,Incident T2D,SUPPORTED,Srour et al. JAMA Intern Med (PMID 31841565),Every 10% increase in dietary proportion of ultra-processed food was associated with a 15% higher risk of diabetes.
DIET-022,Diet & Nutrition,Does berberine supplementation lower HbA1c as effectively as metformin in type 2 diabetes?,Berberine supplementation lowers HbA1c as effectively as metformin in type 2 diabetes.,Berberine (500mg tid),Metformin,HbA1c reduction,INCONCLUSIVE,Yin et al. Metabolism / Systematic reviews,"Shows comparable glucose lowering in small single-center trials, but lacks large-scale multi-center blind validation."
COMP-016,Complications & Organ Protection,Does intensive glycemic control reduce the progression of diabetic retinopathy?,Intensive glycemic control reduces the progression of diabetic retinopathy.,Intensive glycemic therapy,Standard therapy,Retinopathy progression (ETDRS scale),SUPPORTED,ACCORD Eye / UKPDS 38,Strict glycemic control halted the progression of early microaneurysms and hard exudates by ~33%.
COMP-017,Complications & Organ Protection,Do GLP-1 receptor agonists reduce cardiovascular mortality in type 2 diabetes?,GLP-1 receptor agonists reduce cardiovascular mortality in type 2 diabetes.,GLP-1 receptor agonists,Placebo,Cardiovascular death,SUPPORTED,LEADER (PMID 27295427) & meta-analyses,Liraglutide demonstrated a statistically significant 22% reduction in cardiovascular death in high-risk patients.
COMP-018,Complications & Organ Protection,Does tight blood pressure control reduce microvascular complications in type 2 diabetes?,Tight blood pressure control reduces microvascular complications in type 2 diabetes.,Tight BP control (<150/85 mmHg),Less tight BP control (<180/105 mmHg),Microvascular disease endpoints,SUPPORTED,UKPDS 38 (BMJ 1998),Tight blood pressure control reduced microvascular endpoints by 37% and retinal photocoagulation by 35%.
COMP-019,Complications & Organ Protection,Does intensive lipid lowering with statins increase the incidence of new-onset diabetes?,Intensive lipid lowering with statins increases the incidence of new-onset diabetes.,High-dose statins (Atorvastatin 80mg),Moderate dose / Placebo,New-onset diabetes mellitus (NODM),SUPPORTED,Sattar et al. Lancet (PMID 20167359),"High-intensity statin therapy slightly increases incident diabetes (RR 1.09), but cardiovascular benefits far outweigh this risk."
COMP-020,Complications & Organ Protection,Do SGLT2 inhibitors reduce acute kidney injury in hospitalized diabetic patients?,SGLT2 inhibitors reduce acute kidney injury in hospitalized diabetic patients.,SGLT2 inhibitors,Placebo,Incidence of acute kidney injury (AKI),SUPPORTED,Menne et al. Diabetes Obes Metab meta-analysis,"Meta-analyses across EMPA-REG, CANVAS, and DECLARE demonstrated a 25-30% reduction in AKI events."
COMP-021,Complications & Organ Protection,Does intensive glycemic control prevent diabetic peripheral neuropathy progression?,Intensive glycemic control prevents diabetic peripheral neuropathy progression.,Intensive glycemic control,Standard care,Neuropathy impairment score / nerve conduction,INCONCLUSIVE,Callaghan et al. Cochrane Review,"Significantly prevents neuropathy in Type 1 Diabetes, but shows only modest, non-statistically significant effects in Type 2 Diabetes."
COMP-022,Complications & Organ Protection,Does fenofibrate reduce the progression of diabetic retinopathy in type 2 diabetes?,Fenofibrate reduces the progression of diabetic retinopathy in type 2 diabetes.,Fenofibrate (200mg/day),Placebo,Laser treatment for retinopathy,SUPPORTED,FIELD (PMID 18047953) & ACCORD Eye,Fenofibrate reduced the requirement for first laser retinal therapy by 31-36% independently of baseline lipid levels.
PREV-011,Prevention & Remission,Does weight loss linearly correlate with the probability of diabetes remission?,Weight loss linearly correlates with the probability of diabetes remission.,Weight loss >15 kg vs <5 kg,Baseline weight,Diabetes remission rate,SUPPORTED,DiRECT Trial 2-year analysis,"Remission was achieved in 86% of participants who lost 15 kg or more, demonstrating direct linear dose-response."
PREV-012,Prevention & Remission,Can beta-cell function be restored in patients with short-duration type 2 diabetes?,Beta-cell function can be restored in patients with short-duration type 2 diabetes.,Substantial weight loss / VLCD,Baseline diabetic state,First-phase insulin secretion,SUPPORTED,Taylor et al. Cell Metabolism (PMID 29555022),First-phase insulin secretion and functional beta-cell mass were restored following removal of ectopic intrapancreatic fat.
PREV-013,Prevention & Remission,Does long duration of diabetes greater than 10 years impair the likelihood of remission?,Long duration of diabetes greater than 10 years impairs the likelihood of remission.,Diabetes duration >10 years,Diabetes duration <3 years,Remission rate,SUPPORTED,DiRECT & STAMPEDE duration analyses,Irreversible beta-cell dedifferentiation and fibrotic islet remodeling after a decade of disease severely reduce remission rates.
PREV-014,Prevention & Remission,Does the National Diabetes Prevention Program (NDPP) reduce diabetes risk in real-world translational settings?,The National Diabetes Prevention Program (NDPP) reduces diabetes risk in real-world translational settings.,CDC-recognized lifestyle curriculum,Usual care,Diabetes incidence at 3 years,SUPPORTED,Ali et al. Health Affairs (PMID 22474149),Translational community-based DPP adaptations achieved 30-50% risk reductions matching original clinical trial efficacy.
PREV-015,Prevention & Remission,Does rosiglitazone prevent type 2 diabetes in patients with impaired fasting glucose?,Rosiglitazone prevents type 2 diabetes in patients with impaired fasting glucose.,Rosiglitazone (8mg/day),Placebo,Incident T2D,SUPPORTED,DREAM Trial (Lancet 2006),"Rosiglitazone reduced the risk of diabetes by 60%, though it increased peripheral edema and heart failure risk."
PREV-016,Prevention & Remission,Can intermittent fasting alone induce diabetes remission in long-standing insulin-dependent T2D?,Intermittent fasting alone can induce diabetes remission in long-standing insulin-dependent T2D.,Intermittent fasting regimen,Standard care,Complete diabetes remission,INCONCLUSIVE,Small case series vs RCTs,"Small case series demonstrate insulin discontinuation, but large-scale RCTs have not confirmed long-term remission in advanced disease."
PREV-017,Prevention & Remission,Does smoking cessation reduce the long-term risk of cardiovascular disease in diabetic patients?,Smoking cessation reduces the long-term risk of cardiovascular disease in diabetic patients.,Smoking cessation,Continued smoking,Cardiovascular mortality,SUPPORTED,Pan et al. Circulation,"Despite transient post-cessation weight gain, smoking cessation significantly reduces 10-year all-cause and CV mortality."
PREV-018,Prevention & Remission,Does sleep apnea treatment with CPAP improve glycemic control in type 2 diabetes?,Sleep apnea treatment with CPAP improves glycemic control in type 2 diabetes.,Continuous positive airway pressure (CPAP),Sham / Untreated OSA,HbA1c reduction,INCONCLUSIVE,Shaw et al. Sleep Med Rev meta-analyses,"Improves daytime sleepiness and BP, but randomized trials show minimal or non-significant changes in HbA1c."
